NAME,SEQUENCE
BCL11A,MSRRKQGKPQHLSKREFSPEPLEAILTDDEPDHGPLGAPEGDHDLLTCGQCQMNFPLGDILIFIEHKRKQCNGSLCLEKAVDKPPSPSPIEMKKASNPVEVGIQVTPEDDDCLSTSSRGICPKQEHIADKLLHWRGLSSPRSAHGALIPTPGMSAEYAPQGICKDEPSSYTCTTCKQPFTSAWFLLQHAQNTHGLRIYLESEHGSPLTPRVGIPSGLGAECPSQPPLHGIHIADNNPFNLLRIPGSVSREASGLAEGRFPPTPPLFSPPPRHHLDPHRIERLGAEEMALATHHPSAFDRVLRLNPMAMEPPAMDFSRRLRELAGNTSSPPLSPGRPSPMQRLLQPFQPGSKPPFLATPPLPPLQSAPPPSQPPVKSKSCEFCGKTFKFQSNLVVHRRSHTGEKPYKCNLCDHACTQASKLKRHMKTHMHKSSPMTVKSDDGLSTASSPEPGTSDLVGSASSALKSVVAKFKSENDPNLIPENGDEEEEEDDEEEEEEEEEEEEELTESERVDYGFGLSLEAARHHENSSRGAVVGVGDESRALPDVMQGMVLSSMQHFSEAFHQVLGEKHKRGHLAEAEGHRDTCDEDSVAGESDRIDDGTVNGRGCSPGESASGGLSKKLLLGSPSSLSPFSKRIKLEKEFDLPPAAMPNTENVYSQWLAGYAASRQLKDPFLSFGDSRQSPFASSSEHSSENGSLRFSTPPGELDGGISGRSGTGSGGSTPHISGPGPGRPSSKEGRRSDTCEYCGKVFKNCSNLTVHRRSHTGERPYKCELCNYACAQSSKLTRHMKTHGQVGKDVYKCEICKMPFSVYSTLEKHMKKWHSDRVLNNDIKTE
bcl-cluster1,MSRRKQGKPQHLSKREFSPEPLEAILTDDEPDHGPLGAPEGDHDLLTCGQCQMNFPLGDILIFIEHKRKQCNGSLCLEKAVDKPPXPXPIEMKKASNPVEVGIQVTPEDDDCLSTSSRGICPKQEHIADKLLHWRGLSSPRSAHGALIPTPGMSAEYAPQGICKDEPSSYTCTTCKQPFTSAWFLLQHAQNTHGLRIYLESEHGSPLTPRVGIPSGLGAECPSQPPLHGIHIADNNPFNLLRIPGSVSREASGLAEGRFPPTPPLFSPPPRHHLDPHRIERLGAEEMALATHHPSAFDRVLRLNPMAMEPPAMDFSRRLRELAGNTSSPPLSPGRPSPMQRLLQPFQPGSKPPFLATPPLPPLQSAPPPSQPPVKSKSCEFCGKTFKFQSNLVVHRRSHTGEKPYKCNLCDHACTQASKLKRHMKTHMHKSSPMTVKSDDGLSTASSPEPGTSDLVGSASSALKSVVAKFKSENDPNLIPENGDEEEEEDDEEEEEEEEEEEEELTESERVDYGFGLSLEAARHHENSSRGAVVGVGDESRALPDVMQGMVLSSMQHFSEAFHQVLGEKHKRGHLAEAEGHRDTCDEDSVAGESDRIDDGTVNGRGCSPGESASGGLSKKLLLGSPSSLSPFSKRIKLEKEFDLPPAAMPNTENVYSQWLAGYAASRQLKDPFLSFGDSRQSPFASSSEHSSENGSLRFSTPPGELDGGISGRSGTGSGGSTPHISGPGPGRPSSKEGRRSDTCEYCGKVFKNCSNLTVHRRSHTGERPYKCELCNYACAQSSKLTRHMKTHGQVGKDVYKCEICKMPFSVYSTLEKHMKKWHSDRVLNNDIKT
bcl-cluster2,MSRRKQGKPQHLSKREFSPEPLEAILTDDEPDHGPLGAPEGDHDLLTCGQCQMNFPLGDILIFIEHKRKQCNGSLCLEKAVDKPPSPSPIEMKKASNPVEVGIQVTPEDDDCLSTSSRGICPKQEHIADKLLHWRGLSSPRSAHGALIPTPGMSAEYAPQGICKDEPSSYTCTTCKQPFTSAWFLLQHAQNTHGLRIYLEXEHGXPLXPRVGIPSGLGAECPSQPPLHGIHIADNNPFNLLRIPGSVSREASGLAEGRFPPTPPLFSPPPRHHLDPHRIERLGAEEMALATHHPSAFDRVLRLNPMAMEPPAMDFSRRLRELAGNTSSPPLSPGRPSPMQRLLQPFQPGSKPPFLATPPLPPLQSAPPPSQPPVKSKSCEFCGKTFKFQSNLVVHRRSHTGEKPYKCNLCDHACTQASKLKRHMKTHMHKSSPMTVKSDDGLSTASSPEPGTSDLVGSASSALKSVVAKFKSENDPNLIPENGDEEEEEDDEEEEEEEEEEEEELTESERVDYGFGLSLEAARHHENSSRGAVVGVGDESRALPDVMQGMVLSSMQHFSEAFHQVLGEKHKRGHLAEAEGHRDTCDEDSVAGESDRIDDGTVNGRGCSPGESASGGLSKKLLLGSPSSLSPFSKRIKLEKEFDLPPAAMPNTENVYSQWLAGYAASRQLKDPFLSFGDSRQSPFASSSEHSSENGSLRFSTPPGELDGGISGRSGTGSGGSTPHISGPGPGRPSSKEGRRSDTCEYCGKVFKNCSNLTVHRRSHTGERPYKCELCNYACAQSSKLTRHMKTHGQVGKDVYKCEICKMPFSVYSTLEKHMKKWHSDRVLNNDIKT
bcl-cluster3,MSRRKQGKPQHLSKREFSPEPLEAILTDDEPDHGPLGAPEGDHDLLTCGQCQMNFPLGDILIFIEHKRKQCNGSLCLEKAVDKPPSPSPIEMKKASNPVEVGIQVTPEDDDCLSTSSRGICPKQEHIADKLLHWRGLSSPRSAHGALIPTPGMSAEYAPQGICKDEPSSYTCTTCKQPFTSAWFLLQHAQNTHGLRIYLESEHGSPLTPRVGIPSGLGAECPSQPPLHGIHIADNNPFNLLRIPGSVSREASGLAEGRFPPXPPLFXPPPRHHLDPHRIERLGAEEMALATHHPSAFDRVLRLNPMAMEPPAMDFSRRLRELAGNTSSPPLSPGRPSPMQRLLQPFQPGSKPPFLATPPLPPLQSAPPPSQPPVKSKSCEFCGKTFKFQSNLVVHRRSHTGEKPYKCNLCDHACTQASKLKRHMKTHMHKSSPMTVKSDDGLSTASSPEPGTSDLVGSASSALKSVVAKFKSENDPNLIPENGDEEEEEDDEEEEEEEEEEEEELTESERVDYGFGLSLEAARHHENSSRGAVVGVGDESRALPDVMQGMVLSSMQHFSEAFHQVLGEKHKRGHLAEAEGHRDTCDEDSVAGESDRIDDGTVNGRGCSPGESASGGLSKKLLLGSPSSLSPFSKRIKLEKEFDLPPAAMPNTENVYSQWLAGYAASRQLKDPFLSFGDSRQSPFASSSEHSSENGSLRFSTPPGELDGGISGRSGTGSGGSTPHISGPGPGRPSSKEGRRSDTCEYCGKVFKNCSNLTVHRRSHTGERPYKCELCNYACAQSSKLTRHMKTHGQVGKDVYKCEICKMPFSVYSTLEKHMKKWHSDRVLNNDIKT
bcl-cluster4,MSRRKQGKPQHLSKREFSPEPLEAILTDDEPDHGPLGAPEGDHDLLTCGQCQMNFPLGDILIFIEHKRKQCNGSLCLEKAVDKPPSPSPIEMKKASNPVEVGIQVTPEDDDCLSTSSRGICPKQEHIADKLLHWRGLSSPRSAHGALIPTPGMSAEYAPQGICKDEPSSYTCTTCKQPFTSAWFLLQHAQNTHGLRIYLESEHGSPLTPRVGIPSGLGAECPSQPPLHGIHIADNNPFNLLRIPGSVSREASGLAEGRFPPTPPLFSPPPRHHLDPHRIERLGAEEMALATHHPSAFDRVLRLNPMAMEPPAMDFSRRLRELAGNTSXPPLXPGRPSPMQRLLQPFQPGSKPPFLATPPLPPLQSAPPPSQPPVKSKSCEFCGKTFKFQSNLVVHRRSHTGEKPYKCNLCDHACTQASKLKRHMKTHMHKSSPMTVKSDDGLSTASSPEPGTSDLVGSASSALKSVVAKFKSENDPNLIPENGDEEEEEDDEEEEEEEEEEEEELTESERVDYGFGLSLEAARHHENSSRGAVVGVGDESRALPDVMQGMVLSSMQHFSEAFHQVLGEKHKRGHLAEAEGHRDTCDEDSVAGESDRIDDGTVNGRGCSPGESASGGLSKKLLLGSPSSLSPFSKRIKLEKEFDLPPAAMPNTENVYSQWLAGYAASRQLKDPFLSFGDSRQSPFASSSEHSSENGSLRFSTPPGELDGGISGRSGTGSGGSTPHISGPGPGRPSSKEGRRSDTCEYCGKVFKNCSNLTVHRRSHTGERPYKCELCNYACAQSSKLTRHMKTHGQVGKDVYKCEICKMPFSVYSTLEKHMKKWHSDRVLNNDIKT
bcl-cluster5,MSRRKQGKPQHLSKREFSPEPLEAILTDDEPDHGPLGAPEGDHDLLTCGQCQMNFPLGDILIFIEHKRKQCNGSLCLEKAVDKPPSPSPIEMKKASNPVEVGIQVTPEDDDCLSTSSRGICPKQEHIADKLLHWRGLSSPRSAHGALIPTPGMSAEYAPQGICKDEPSSYTCTTCKQPFTSAWFLLQHAQNTHGLRIYLESEHGSPLTPRVGIPSGLGAECPSQPPLHGIHIADNNPFNLLRIPGSVSREASGLAEGRFPPTPPLFSPPPRHHLDPHRIERLGAEEMALATHHPSAFDRVLRLNPMAMEPPAMDFSRRLRELAGNTSSPPLSPGRPSPMQRLLQPFQPGSKPPFLATPPLPPLQSAPPPSQPPVKSKSCEFCGKTFKFQSNLVVHRRSHTGEKPYKCNLCDHACTQASKLKRHMKTHMHKSSPMTVKSDDGLXXAXXPEPGTSDLVGSASSALKSVVAKFKSENDPNLIPENGDEEEEEDDEEEEEEEEEEEEELTESERVDYGFGLSLEAARHHENSSRGAVVGVGDESRALPDVMQGMVLSSMQHFSEAFHQVLGEKHKRGHLAEAEGHRDTCDEDSVAGESDRIDDGTVNGRGCSPGESASGGLSKKLLLGSPSSLSPFSKRIKLEKEFDLPPAAMPNTENVYSQWLAGYAASRQLKDPFLSFGDSRQSPFASSSEHSSENGSLRFSTPPGELDGGISGRSGTGSGGSTPHISGPGPGRPSSKEGRRSDTCEYCGKVFKNCSNLTVHRRSHTGERPYKCELCNYACAQSSKLTRHMKTHGQVGKDVYKCEICKMPFSVYSTLEKHMKKWHSDRVLNNDIKT
bcl-cluster6,MSRRKQGKPQHLSKREFSPEPLEAILTDDEPDHGPLGAPEGDHDLLTCGQCQMNFPLGDILIFIEHKRKQCNGSLCLEKAVDKPPSPSPIEMKKASNPVEVGIQVTPEDDDCLSTSSRGICPKQEHIADKLLHWRGLSSPRSAHGALIPTPGMSAEYAPQGICKDEPSSYTCTTCKQPFTSAWFLLQHAQNTHGLRIYLESEHGSPLTPRVGIPSGLGAECPSQPPLHGIHIADNNPFNLLRIPGSVSREASGLAEGRFPPTPPLFSPPPRHHLDPHRIERLGAEEMALATHHPSAFDRVLRLNPMAMEPPAMDFSRRLRELAGNTSSPPLSPGRPSPMQRLLQPFQPGSKPPFLATPPLPPLQSAPPPSQPPVKSKSCEFCGKTFKFQSNLVVHRRSHTGEKPYKCNLCDHACTQASKLKRHMKTHMHKSSPMTVKSDDGLSTASSPEPGTSDLVGSASSALKSVVAKFKSENDPNLIPENGDEEEEEDDEEEEEEEEEEEEELTESERVDYGFGLSLEAARHHENSSRGAVVGVGDESRALPDVMQGMVLSSMQHFSEAFHQVLGEKHKRGHLAEAEGHRDXCDEDXVAGEXDRIDDGTVNGRGCSPGESASGGLSKKLLLGSPSSLSPFSKRIKLEKEFDLPPAAMPNTENVYSQWLAGYAASRQLKDPFLSFGDSRQSPFASSSEHSSENGSLRFSTPPGELDGGISGRSGTGSGGSTPHISGPGPGRPSSKEGRRSDTCEYCGKVFKNCSNLTVHRRSHTGERPYKCELCNYACAQSSKLTRHMKTHGQVGKDVYKCEICKMPFSVYSTLEKHMKKWHSDRVLNNDIKT
bcl-cluster7,MSRRKQGKPQHLSKREFSPEPLEAILTDDEPDHGPLGAPEGDHDLLTCGQCQMNFPLGDILIFIEHKRKQCNGSLCLEKAVDKPPSPSPIEMKKASNPVEVGIQVTPEDDDCLSTSSRGICPKQEHIADKLLHWRGLSSPRSAHGALIPTPGMSAEYAPQGICKDEPSSYTCTTCKQPFTSAWFLLQHAQNTHGLRIYLESEHGSPLTPRVGIPSGLGAECPSQPPLHGIHIADNNPFNLLRIPGSVSREASGLAEGRFPPTPPLFSPPPRHHLDPHRIERLGAEEMALATHHPSAFDRVLRLNPMAMEPPAMDFSRRLRELAGNTSSPPLSPGRPSPMQRLLQPFQPGSKPPFLATPPLPPLQSAPPPSQPPVKSKSCEFCGKTFKFQSNLVVHRRSHTGEKPYKCNLCDHACTQASKLKRHMKTHMHKSSPMTVKSDDGLSTASSPEPGTSDLVGSASSALKSVVAKFKSENDPNLIPENGDEEEEEDDEEEEEEEEEEEEELTESERVDYGFGLSLEAARHHENSSRGAVVGVGDESRALPDVMQGMVLSSMQHFSEAFHQVLGEKHKRGHLAEAEGHRDTCDEDSVAGESDRIDDGTVNGRGCXPGESASGGLSKKLLLGXPXXLSPFSKRIKLEKEFDLPPAAMPNTENVYSQWLAGYAASRQLKDPFLSFGDSRQSPFASSSEHSSENGSLRFSTPPGELDGGISGRSGTGSGGSTPHISGPGPGRPSSKEGRRSDTCEYCGKVFKNCSNLTVHRRSHTGERPYKCELCNYACAQSSKLTRHMKTHGQVGKDVYKCEICKMPFSVYSTLEKHMKKWHSDRVLNNDIKT
bcl-cluster8,MSRRKQGKPQHLSKREFSPEPLEAILTDDEPDHGPLGAPEGDHDLLTCGQCQMNFPLGDILIFIEHKRKQCNGSLCLEKAVDKPPSPSPIEMKKASNPVEVGIQVTPEDDDCLSTSSRGICPKQEHIADKLLHWRGLSSPRSAHGALIPTPGMSAEYAPQGICKDEPSSYTCTTCKQPFTSAWFLLQHAQNTHGLRIYLESEHGSPLTPRVGIPSGLGAECPSQPPLHGIHIADNNPFNLLRIPGSVSREASGLAEGRFPPTPPLFSPPPRHHLDPHRIERLGAEEMALATHHPSAFDRVLRLNPMAMEPPAMDFSRRLRELAGNTSSPPLSPGRPSPMQRLLQPFQPGSKPPFLATPPLPPLQSAPPPSQPPVKSKSCEFCGKTFKFQSNLVVHRRSHTGEKPYKCNLCDHACTQASKLKRHMKTHMHKSSPMTVKSDDGLSTASSPEPGTSDLVGSASSALKSVVAKFKSENDPNLIPENGDEEEEEDDEEEEEEEEEEEEELTESERVDYGFGLSLEAARHHENSSRGAVVGVGDESRALPDVMQGMVLSSMQHFSEAFHQVLGEKHKRGHLAEAEGHRDTCDEDSVAGESDRIDDGTVNGRGCSPGESASGGLSKKLLLGSPSSLSPFSKRIKLEKEFDLPPAAMPNTENVYSQWLAGYAASRQLKDPFLSFGDSRQSPFASSSEHSSENGSLRFSXPPGELDGGIXGRSGTGXGGSXPHISGPGPGRPSSKEGRRSDTCEYCGKVFKNCSNLTVHRRSHTGERPYKCELCNYACAQSSKLTRHMKTHGQVGKDVYKCEICKMPFSVYSTLEKHMKKWHSDRVLNNDIKT
bcl-nls,MSRRKQGKPQHLSKREFSPEPLEAILTDDEPDHGPLGAPEGDHDLLTCGQCQMNFPLGDILIFIEHKRKQCNGSLCLEKAVDKPPSPSPIEMKKASNPVEVGIQVTPEDDDCLSTSSRGICPKQEHIADKLLHWRGLSSPRSAHGALIPTPGMSAEYAPQGICKDEPSSYTCTTCKQPFTSAWFLLQHAQNTHGLRIYLESEHGSPLTPRVGIPSGLGAECPSQPPLHGIHIADNNPFNLLRIPGSVSREASGLAEGRFPPTPPLFSPPPRHHLDPHRIERLGAEEMALATHHPSAFDRVLRLNPMAMEPPAMDFSRRLRELAGNTSSPPLSPGRPSPMQRLLQPFQPGSKPPFLATPPLPPLQSAPPPSQPPVKSKSCEFCGKTFKFQSNLVVHRRSHTGEKPYKCNLCDHACTQASKLKRHMKTHMHKSSPMTVKSDDGLSTASSPEPGTSDLVGSASSALKSVVAKFKSENDPNLIPENGDEEEEEDDEEEEEEEEEEEEELTESERVDYGFGLSLEAARHHENSSRGAVVGVGDESRALPDVMQGMVLSSMQHFSEAFHQVLGEKHKRGHLAEAEGHRDTCDEDSVAGESDRIDDGTVNGRGCSPGESASGGLSKKLLLGSPSSLXPFSKRIKLEKEFDLPPAAMPNTENVYSQWLAGYAASRQLKDPFLSFGDSRQSPFASSSEHSSENGSLRFSTPPGELDGGISGRSGTGSGGSTPHISGPGPGRPSSKEGRRSDTCEYCGKVFKNCSNLTVHRRSHTGERPYKCELCNYACAQSSKLTRHMKTHGQVGKDVYKCEICKMPFSVYSTLEKHMKKWHSDRVLNNDIKT
bcl-cluster1-2,MSRRKQGKPQHLSKREFSPEPLEAILTDDEPDHGPLGAPEGDHDLLTCGQCQMNFPLGDILIFIEHKRKQCNGSLCLEKAVDKPPXPXPIEMKKASNPVEVGIQVTPEDDDCLSTSSRGICPKQEHIADKLLHWRGLSSPRSAHGALIPTPGMSAEYAPQGICKDEPSSYTCTTCKQPFTSAWFLLQHAQNTHGLRIYLEXEHGXPLXPRVGIPSGLGAECPSQPPLHGIHIADNNPFNLLRIPGSVSREASGLAEGRFPPTPPLFSPPPRHHLDPHRIERLGAEEMALATHHPSAFDRVLRLNPMAMEPPAMDFSRRLRELAGNTSSPPLSPGRPSPMQRLLQPFQPGSKPPFLATPPLPPLQSAPPPSQPPVKSKSCEFCGKTFKFQSNLVVHRRSHTGEKPYKCNLCDHACTQASKLKRHMKTHMHKSSPMTVKSDDGLSTASSPEPGTSDLVGSASSALKSVVAKFKSENDPNLIPENGDEEEEEDDEEEEEEEEEEEEELTESERVDYGFGLSLEAARHHENSSRGAVVGVGDESRALPDVMQGMVLSSMQHFSEAFHQVLGEKHKRGHLAEAEGHRDTCDEDSVAGESDRIDDGTVNGRGCSPGESASGGLSKKLLLGSPSSLSPFSKRIKLEKEFDLPPAAMPNTENVYSQWLAGYAASRQLKDPFLSFGDSRQSPFASSSEHSSENGSLRFSTPPGELDGGISGRSGTGSGGSTPHISGPGPGRPSSKEGRRSDTCEYCGKVFKNCSNLTVHRRSHTGERPYKCELCNYACAQSSKLTRHMKTHGQVGKDVYKCEICKMPFSVYSTLEKHMKKWHSDRVLNNDIKT
bcl-cluster3-4-5,MSRRKQGKPQHLSKREFSPEPLEAILTDDEPDHGPLGAPEGDHDLLTCGQCQMNFPLGDILIFIEHKRKQCNGSLCLEKAVDKPPSPSPIEMKKASNPVEVGIQVTPEDDDCLSTSSRGICPKQEHIADKLLHWRGLSSPRSAHGALIPTPGMSAEYAPQGICKDEPSSYTCTTCKQPFTSAWFLLQHAQNTHGLRIYLESEHGSPLTPRVGIPSGLGAECPSQPPLHGIHIADNNPFNLLRIPGSVSREASGLAEGRFPPXPPLFXPPPRHHLDPHRIERLGAEEMALATHHPSAFDRVLRLNPMAMEPPAMDFSRRLRELAGNTSXPPLXPGRPSPMQRLLQPFQPGSKPPFLATPPLPPLQSAPPPSQPPVKSKSCEFCGKTFKFQSNLVVHRRSHTGEKPYKCNLCDHACTQASKLKRHMKTHMHKSSPMTVKSDDGLXXAXXPEPGTSDLVGSASSALKSVVAKFKSENDPNLIPENGDEEEEEDDEEEEEEEEEEEEELTESERVDYGFGLSLEAARHHENSSRGAVVGVGDESRALPDVMQGMVLSSMQHFSEAFHQVLGEKHKRGHLAEAEGHRDTCDEDSVAGESDRIDDGTVNGRGCSPGESASGGLSKKLLLGSPSSLSPFSKRIKLEKEFDLPPAAMPNTENVYSQWLAGYAASRQLKDPFLSFGDSRQSPFASSSEHSSENGSLRFSTPPGELDGGISGRSGTGSGGSTPHISGPGPGRPSSKEGRRSDTCEYCGKVFKNCSNLTVHRRSHTGERPYKCELCNYACAQSSKLTRHMKTHGQVGKDVYKCEICKMPFSVYSTLEKHMKKWHSDRVLNNDIKT
bcl-cluster6-7-8,MSRRKQGKPQHLSKREFSPEPLEAILTDDEPDHGPLGAPEGDHDLLTCGQCQMNFPLGDILIFIEHKRKQCNGSLCLEKAVDKPPSPSPIEMKKASNPVEVGIQVTPEDDDCLSTSSRGICPKQEHIADKLLHWRGLSSPRSAHGALIPTPGMSAEYAPQGICKDEPSSYTCTTCKQPFTSAWFLLQHAQNTHGLRIYLESEHGSPLTPRVGIPSGLGAECPSQPPLHGIHIADNNPFNLLRIPGSVSREASGLAEGRFPPTPPLFSPPPRHHLDPHRIERLGAEEMALATHHPSAFDRVLRLNPMAMEPPAMDFSRRLRELAGNTSSPPLSPGRPSPMQRLLQPFQPGSKPPFLATPPLPPLQSAPPPSQPPVKSKSCEFCGKTFKFQSNLVVHRRSHTGEKPYKCNLCDHACTQASKLKRHMKTHMHKSSPMTVKSDDGLSTASSPEPGTSDLVGSASSALKSVVAKFKSENDPNLIPENGDEEEEEDDEEEEEEEEEEEEELTESERVDYGFGLSLEAARHHENSSRGAVVGVGDESRALPDVMQGMVLSSMQHFSEAFHQVLGEKHKRGHLAEAEGHRDXCDEDXVAGEXDRIDDGTVNGRGCXPGESASGGLSKKLLLGXPXXLSPFSKRIKLEKEFDLPPAAMPNTENVYSQWLAGYAASRQLKDPFLSFGDSRQSPFASSSEHSSENGSLRFSXPPGELDGGIXGRSGTGXGGSXPHISGPGPGRPSSKEGRRSDTCEYCGKVFKNCSNLTVHRRSHTGERPYKCELCNYACAQSSKLTRHMKTHGQVGKDVYKCEICKMPFSVYSTLEKHMKKWHSDRVLNNDIKT
bcl-cluster1-2-3-4,MSRRKQGKPQHLSKREFSPEPLEAILTDDEPDHGPLGAPEGDHDLLTCGQCQMNFPLGDILIFIEHKRKQCNGSLCLEKAVDKPPXPXPIEMKKASNPVEVGIQVTPEDDDCLSTSSRGICPKQEHIADKLLHWRGLSSPRSAHGALIPTPGMSAEYAPQGICKDEPSSYTCTTCKQPFTSAWFLLQHAQNTHGLRIYLEXEHGXPLXPRVGIPSGLGAECPSQPPLHGIHIADNNPFNLLRIPGSVSREASGLAEGRFPPXPPLFXPPPRHHLDPHRIERLGAEEMALATHHPSAFDRVLRLNPMAMEPPAMDFSRRLRELAGNTSXPPLXPGRPSPMQRLLQPFQPGSKPPFLATPPLPPLQSAPPPSQPPVKSKSCEFCGKTFKFQSNLVVHRRSHTGEKPYKCNLCDHACTQASKLKRHMKTHMHKSSPMTVKSDDGLSTASSPEPGTSDLVGSASSALKSVVAKFKSENDPNLIPENGDEEEEEDDEEEEEEEEEEEEELTESERVDYGFGLSLEAARHHENSSRGAVVGVGDESRALPDVMQGMVLSSMQHFSEAFHQVLGEKHKRGHLAEAEGHRDTCDEDSVAGESDRIDDGTVNGRGCSPGESASGGLSKKLLLGSPSSLSPFSKRIKLEKEFDLPPAAMPNTENVYSQWLAGYAASRQLKDPFLSFGDSRQSPFASSSEHSSENGSLRFSTPPGELDGGISGRSGTGSGGSTPHISGPGPGRPSSKEGRRSDTCEYCGKVFKNCSNLTVHRRSHTGERPYKCELCNYACAQSSKLTRHMKTHGQVGKDVYKCEICKMPFSVYSTLEKHMKKWHSDRVLNNDIKT
bcl-cluster5-6-7-8,MSRRKQGKPQHLSKREFSPEPLEAILTDDEPDHGPLGAPEGDHDLLTCGQCQMNFPLGDILIFIEHKRKQCNGSLCLEKAVDKPPSPSPIEMKKASNPVEVGIQVTPEDDDCLSTSSRGICPKQEHIADKLLHWRGLSSPRSAHGALIPTPGMSAEYAPQGICKDEPSSYTCTTCKQPFTSAWFLLQHAQNTHGLRIYLESEHGSPLTPRVGIPSGLGAECPSQPPLHGIHIADNNPFNLLRIPGSVSREASGLAEGRFPPTPPLFSPPPRHHLDPHRIERLGAEEMALATHHPSAFDRVLRLNPMAMEPPAMDFSRRLRELAGNTSSPPLSPGRPSPMQRLLQPFQPGSKPPFLATPPLPPLQSAPPPSQPPVKSKSCEFCGKTFKFQSNLVVHRRSHTGEKPYKCNLCDHACTQASKLKRHMKTHMHKSSPMTVKSDDGLXXAXXPEPGTSDLVGSASSALKSVVAKFKSENDPNLIPENGDEEEEEDDEEEEEEEEEEEEELTESERVDYGFGLSLEAARHHENSSRGAVVGVGDESRALPDVMQGMVLSSMQHFSEAFHQVLGEKHKRGHLAEAEGHRDXCDEDXVAGEXDRIDDGTVNGRGCXPGESASGGLSKKLLLGXPXXLSPFSKRIKLEKEFDLPPAAMPNTENVYSQWLAGYAASRQLKDPFLSFGDSRQSPFASSSEHSSENGSLRFSXPPGELDGGIXGRSGTGXGGSXPHISGPGPGRPSSKEGRRSDTCEYCGKVFKNCSNLTVHRRSHTGERPYKCELCNYACAQSSKLTRHMKTHGQVGKDVYKCEICKMPFSVYSTLEKHMKKWHSDRVLNNDIKT
bcl-total,MSRRKQGKPQHLSKREFSPEPLEAILTDDEPDHGPLGAPEGDHDLLTCGQCQMNFPLGDILIFIEHKRKQCNGSLCLEKAVDKPPXPXPIEMKKASNPVEVGIQVTPEDDDCLSTSSRGICPKQEHIADKLLHWRGLSSPRSAHGALIPTPGMSAEYAPQGICKDEPSSYTCTTCKQPFTSAWFLLQHAQNTHGLRIYLEXEHGXPLXPRVGIPSGLGAECPSQPPLHGIHIADNNPFNLLRIPGSVSREASGLAEGRFPPXPPLFXPPPRHHLDPHRIERLGAEEMALATHHPSAFDRVLRLNPMAMEPPAMDFSRRLRELAGNTSXPPLXPGRPSPMQRLLQPFQPGSKPPFLATPPLPPLQSAPPPSQPPVKSKSCEFCGKTFKFQSNLVVHRRSHTGEKPYKCNLCDHACTQASKLKRHMKTHMHKSSPMTVKSDDGLXXAXXPEPGTSDLVGSASSALKSVVAKFKSENDPNLIPENGDEEEEEDDEEEEEEEEEEEEELTESERVDYGFGLSLEAARHHENSSRGAVVGVGDESRALPDVMQGMVLSSMQHFSEAFHQVLGEKHKRGHLAEAEGHRDXCDEDXVAGEXDRIDDGTVNGRGCXPGESASGGLSKKLLLGXPXXLSPFSKRIKLEKEFDLPPAAMPNTENVYSQWLAGYAASRQLKDPFLSFGDSRQSPFASSSEHSSENGSLRFSXPPGELDGGIXGRSGTGXGGSXPHISGPGPGRPSSKEGRRSDTCEYCGKVFKNCSNLTVHRRSHTGERPYKCELCNYACAQSSKLTRHMKTHGQVGKDVYKCEICKMPFSVYSTLEKHMKKWHSDRVLNNDIKT
